Ticker,Company Name,Sector,Industry,Market Cap,PE Ratio,EPS,Dividend Yield,52W High,52W Low,Beta,YTD Performance (%),1Y Performance (%),5Y Performance (%),Volume,Revenue (TTM),Net Income (TTM),Debt-to-Equity Ratio,ROA,ROE,Latest News
AAPL,Apple Inc.,Technology,Consumer Electronics,3632944644096,38.326466,6.31,0.41,260.1,164.08,1.2,-0.72,33.93,233.5,56522103,395760009216,96150003712,145.0,0.22518998,1.3652,"[('No Title Available', 'No Link Available'), ('No Title Available', 'No Link Available'), ('No Title Available', 'No Link Available'), ('No Title Available', 'No Link Available'), ('No Title Available', 'No Link Available')]"
ACN,Accenture plc,Technology,Information Technology Services,217979781120,29.236576,11.92,1.7,398.35,278.69,1.235,-0.09,-6.67,97.11,5767885,66361704448,7570236928,27.062,0.1146,0.2683,"[('No Title Available', 'No Link Available'), ('No Title Available', 'No Link Available'), ('No Title Available', 'No Link Available'), ('No Title Available', 'No Link Available'), ('No Title Available', 'No Link Available')]"
AI,"C3.ai, Inc.",Technology,Software - Application,3026574336,N/A,-2.23,N/A,45.08,18.85,1.969,-32.36,-21.02,N/A,7082305,366923008,-281927008,6.617,-0.18744,-0.3207,"[('No Title Available', 'No Link Available'), ('No Title Available', 'No Link Available'), ('No Title Available', 'No Link Available'), ('No Title Available', 'No Link Available'), ('No Title Available', 'No Link Available')]"
AMD,"Advanced Micro Devices, Inc.",Technology,Semiconductors,161821130752,99.86,1.0,N/A,227.3,98.69,1.651,-17.22,-43.43,110.41,45065449,25784999936,1640999936,4.032,0.019019999,0.02893,"[('No Title Available', 'No Link Available'), ('No Title Available', 'No Link Available'), ('No Title Available', 'No Link Available'), ('No Title Available', 'No Link Available'), ('No Title Available', 'No Link Available')]"
AMLP,Alerian MLP ETF,N/A,Unknown,N/A,14.187357,N/A,7.19,53.24,44.21,N/A,8.57,23.67,133.8,1889842,N/A,N/A,N/A,N/A,N/A,"[('No Title Available', 'No Link Available'), ('No Title Available', 'No Link Available'), ('No Title Available', 'No Link Available'), ('No Title Available', 'No Link Available')]"
AMZN,"Amazon.com, Inc.",Consumer Cyclical,Internet Retail,2249679699968,38.317688,5.54,N/A,242.52,151.61,1.156,-3.61,22.59,117.28,50485372,637959012352,59248001024,54.342,0.07438,0.24290001,"[('No Title Available', 'No Link Available'), ('No Title Available', 'No Link Available'), ('No Title Available', 'No Link Available'), ('No Title Available', 'No Link Available'), ('No Title Available', 'No Link Available')]"
APP,Applovin Corporation,Technology,Software - Application,110737924096,71.90728,4.53,N/A,525.15,59.3,2.3,-4.69,461.52,N/A,8546461,4709248000,1577058944,326.33,0.20856,1.3467,"[('No Title Available', 'No Link Available'), ('No Title Available', 'No Link Available'), ('No Title Available', 'No Link Available'), ('No Title Available', 'No Link Available'), ('No Title Available', 'No Link Available')]"
AVGO,Broadcom Inc.,Technology,Semiconductors,934800195584,153.4077,1.3,1.18,251.88,119.756,1.039,-14.03,56.75,706.17,38963067,51574001664,6168000000,166.032,0.08126,0.13458,"[('No Title Available', 'No Link Available'), ('No Title Available', 'No Link Available'), ('No Title Available', 'No Link Available'), ('No Title Available', 'No Link Available'), ('No Title Available', 'No Link Available')]"
COIN,"Coinbase Global, Inc.",Financial Services,Financial Data & Stock Exchanges,54741389312,22.720758,9.49,N/A,349.75,146.12,3.615,-16.17,7.38,N/A,8804322,6293245952,2577754880,45.049,0.06825,0.31151,"[('No Title Available', 'No Link Available'), ('No Title Available', 'No Link Available'), ('No Title Available', 'No Link Available'), ('No Title Available', 'No Link Available'), ('No Title Available', 'No Link Available')]"
CRWD,"CrowdStrike Holdings, Inc.",Technology,Software - Infrastructure,95977545728,764.03925,0.51,N/A,455.59,200.81,1.159,12.18,21.41,558.99,3404415,3740421120,126710000,25.583,-0.0005,0.05084,"[('No Title Available', 'No Link Available'), ('No Title Available', 'No Link Available'), ('No Title Available', 'No Link Available'), ('No Title Available', 'No Link Available'), ('No Title Available', 'No Link Available')]"
DKNG,DraftKings Inc.,Consumer Cyclical,Gambling,21489469440,N/A,-1.05,N/A,53.61,28.69,1.923,20.86,3.61,163.27,6210769,4767698944,-507284992,132.104,-0.0885,-0.54814,"[('No Title Available', 'No Link Available'), ('No Title Available', 'No Link Available'), ('No Title Available', 'No Link Available'), ('No Title Available', 'No Link Available'), ('No Title Available', 'No Link Available')]"
ETH,Grayscale Ethereum Mini Trust (,N/A,Unknown,N/A,N/A,N/A,N/A,38.775,2.38,N/A,-35.75,N/A,N/A,1716650,N/A,N/A,N/A,N/A,N/A,"[('No Title Available', 'No Link Available'), ('No Title Available', 'No Link Available'), ('No Title Available', 'No Link Available'), ('No Title Available', 'No Link Available'), ('No Title Available', 'No Link Available')]"
FLIN,Franklin FTSE India ETF,N/A,Unknown,N/A,22.668154,N/A,1.63,42.488,33.87,N/A,-10.76,-4.38,72.62,337561,N/A,N/A,N/A,N/A,N/A,"[('No Title Available', 'No Link Available'), ('No Title Available', 'No Link Available'), ('No Title Available', 'No Link Available')]"
FTC,First Trust Large Cap Growth Al,N/A,Unknown,N/A,25.892738,N/A,0.31,149.16,113.13,N/A,1.78,18.42,100.74,9121,N/A,N/A,N/A,N/A,N/A,No Recent News
FTNT,"Fortinet, Inc.",Technology,Software - Infrastructure,83056885760,47.792038,2.26,N/A,114.82,54.57,1.011,13.99,55.39,390.51,5124279,5955800064,1745200000,71.857,0.13209,3.38742,"[('No Title Available', 'No Link Available'), ('No Title Available', 'No Link Available'), ('No Title Available', 'No Link Available'), ('No Title Available', 'No Link Available'), ('No Title Available', 'No Link Available')]"
GIB,CGI Inc.,Technology,Information Technology Services,23291807744,19.66224,5.27,0.41,122.79,96.92,0.842,-5.09,-9.74,44.26,1077707,14858427392,1741499008,34.494,0.091520004,0.18866,"[('No Title Available', 'No Link Available'), ('No Title Available', 'No Link Available'), ('No Title Available', 'No Link Available'), ('No Title Available', 'No Link Available'), ('No Title Available', 'No Link Available')]"
GOOG,Alphabet Inc.,Communication Services,Internet Content & Information,2086376439808,21.420399,8.04,0.46,208.7,131.55,0.991,-9.66,25.76,148.85,29995943,350018011136,100118003712,8.655,0.1674,0.32908002,"[('No Title Available', 'No Link Available'), ('No Title Available', 'No Link Available'), ('No Title Available', 'No Link Available'), ('No Title Available', 'No Link Available'), ('No Title Available', 'No Link Available')]"
IAU,iShares Gold Trust Shares of th,N/A,Unknown,52261982208,N/A,N/A,0.0,55.7,39.61,N/A,7.33,39.99,77.79,10113804,N/A,N/A,N/A,N/A,N/A,"[('No Title Available', 'No Link Available'), ('No Title Available', 'No Link Available'), ('No Title Available', 'No Link Available'), ('No Title Available', 'No Link Available'), ('No Title Available', 'No Link Available')]"
IBIT,iShares Bitcoin Trust ETF,N/A,Unknown,N/A,N/A,N/A,0.0,61.75,28.23,N/A,-13.49,39.04,N/A,58943027,N/A,N/A,N/A,N/A,N/A,"[('No Title Available', 'No Link Available'), ('No Title Available', 'No Link Available'), ('No Title Available', 'No Link Available'), ('No Title Available', 'No Link Available'), ('No Title Available', 'No Link Available')]"
IJH,iShares Core S&P Mid-Cap ETF,N/A,Unknown,15927912448,19.196829,N/A,1.28,68.33,56.01,N/A,-0.43,9.56,77.86,9618362,N/A,N/A,N/A,N/A,N/A,"[('No Title Available', 'No Link Available')]"
IJR,iShares Core S&P Small-Cap ETF,N/A,Unknown,63245193216,16.924036,N/A,1.99,128.61,101.85,N/A,-2.77,6.81,62.19,4723277,N/A,N/A,N/A,N/A,N/A,"[('No Title Available', 'No Link Available'), ('No Title Available', 'No Link Available'), ('No Title Available', 'No Link Available')]"
ITA,iShares U.S. Aerospace & Defens,N/A,Unknown,N/A,30.662783,N/A,0.78,159.58,126.09,N/A,6.85,21.86,57.15,247812,N/A,N/A,N/A,N/A,N/A,"[('No Title Available', 'No Link Available'), ('No Title Available', 'No Link Available'), ('No Title Available', 'No Link Available'), ('No Title Available', 'No Link Available')]"
IVV,iShares Core S&P 500 ETF,N/A,Unknown,371090194432,26.65761,N/A,1.26,616.22,496.3,N/A,1.63,18.97,107.92,5782653,N/A,N/A,N/A,N/A,N/A,"[('No Title Available', 'No Link Available'), ('No Title Available', 'No Link Available'), ('No Title Available', 'No Link Available'), ('No Title Available', 'No Link Available'), ('No Title Available', 'No Link Available')]"
IYH,iShares U.S. Healthcare ETF,N/A,Unknown,686729984,31.37275,N/A,1.17,66.59,57.38,N/A,7.01,3.18,61.07,431155,N/A,N/A,N/A,N/A,N/A,"[('No Title Available', 'No Link Available')]"
LRCX,Lam Research Corporation,Technology,Semiconductor Equipment & Materials,98508070912,23.325228,3.29,1.2,113.0,68.87,1.469,5.94,-15.98,276.48,22600119,16209088512,4293570048,56.565,0.15589,0.50422,"[('No Title Available', 'No Link Available'), ('No Title Available', 'No Link Available'), ('No Title Available', 'No Link Available'), ('No Title Available', 'No Link Available'), ('No Title Available', 'No Link Available')]"
MCD,McDonald's Corporation,Consumer Cyclical,Restaurants,220289744896,27.094023,11.38,2.3,317.9,243.53,0.738,5.41,6.98,69.84,3594638,25920000000,8223000064,N/A,0.13307,N/A,"[('No Title Available', 'No Link Available'), ('No Title Available', 'No Link Available'), ('No Title Available', 'No Link Available'), ('No Title Available', 'No Link Available'), ('No Title Available', 'No Link Available')]"
MSFT,Microsoft Corporation,Technology,Software - Infrastructure,2951215579136,31.938051,12.43,0.84,468.35,385.58,0.895,-4.97,-1.89,140.03,31886757,261802000384,92749996032,33.998,0.14649001,0.34291,"[('No Title Available', 'No Link Available'), ('No Title Available', 'No Link Available'), ('No Title Available', 'No Link Available'), ('No Title Available', 'No Link Available'), ('No Title Available', 'No Link Available')]"
MU,"Micron Technology, Inc.",Technology,Semiconductors,104319729664,26.82808,3.49,0.49,157.54,83.54,1.18,7.21,4.82,75.21,22816297,29094000640,3881999872,30.863,0.04204,0.086569995,"[('No Title Available', 'No Link Available'), ('No Title Available', 'No Link Available'), ('No Title Available', 'No Link Available'), ('No Title Available', 'No Link Available'), ('No Title Available', 'No Link Available')]"
NVDA,NVIDIA Corporation,Technology,Semiconductors,3048047902720,42.489796,2.94,0.03,153.13,75.606,1.619,-9.68,60.89,1714.11,382905771,130497003520,72879996928,12.946,0.57417,1.1917701,"[('No Title Available', 'No Link Available'), ('No Title Available', 'No Link Available'), ('No Title Available', 'No Link Available'), ('No Title Available', 'No Link Available'), ('No Title Available', 'No Link Available')]"
NXPI,NXP Semiconductors N.V.,Technology,Semiconductors,54677934080,22.18004,9.72,1.88,296.08,198.21,1.471,4.55,-10.54,93.96,4231418,12613999616,2510000128,116.945,0.09043,0.27493998,"[('No Title Available', 'No Link Available'), ('No Title Available', 'No Link Available'), ('No Title Available', 'No Link Available'), ('No Title Available', 'No Link Available'), ('No Title Available', 'No Link Available')]"
PEP,"Pepsico, Inc.",Consumer Defensive,Beverages - Non-Alcoholic,210484117504,22.082016,6.95,3.53,183.41,141.51,0.547,2.17,-5.18,28.79,8144003,91853996032,9578000384,262.787,0.08989,0.52304,"[('No Title Available', 'No Link Available'), ('No Title Available', 'No Link Available'), ('No Title Available', 'No Link Available'), ('No Title Available', 'No Link Available'), ('No Title Available', 'No Link Available')]"
PLTR,Palantir Technologies Inc.,Technology,Software - Infrastructure,199167950848,446.94736,0.19,N/A,125.41,20.33,2.811,12.94,247.75,N/A,124620383,2865507072,462190016,4.696,0.035720002,0.10812,"[('No Title Available', 'No Link Available'), ('No Title Available', 'No Link Available'), ('No Title Available', 'No Link Available'), ('No Title Available', 'No Link Available'), ('No Title Available', 'No Link Available')]"
PYLD,PIMCO U.S. Treasury Index Fund ,N/A,Unknown,N/A,N/A,N/A,5.92,26.7,25.11,N/A,2.47,10.32,N/A,1627043,N/A,N/A,N/A,N/A,N/A,No Recent News
QQQ,"Invesco QQQ Trust, Series 1",N/A,Unknown,199761625088,33.116585,N/A,0.54,540.81,413.07,N/A,-0.4,17.44,142.11,46812184,N/A,N/A,N/A,N/A,N/A,"[('No Title Available', 'No Link Available'), ('No Title Available', 'No Link Available'), ('No Title Available', 'No Link Available'), ('No Title Available', 'No Link Available'), ('No Title Available', 'No Link Available')]"
RELX,RELX PLC PLC,Industrials,Specialty Business Services,89508200448,36.923664,1.31,1.65,51.99,40.25,0.511,6.68,12.76,121.49,563079,9434000384,1934000000,186.758,0.117180005,0.55999,"[('No Title Available', 'No Link Available'), ('No Title Available', 'No Link Available'), ('No Title Available', 'No Link Available'), ('No Title Available', 'No Link Available'), ('No Title Available', 'No Link Available')]"
RSP,Invesco S&P 500 Equal Weight ET,N/A,Unknown,28027537408,21.370287,N/A,1.47,188.16,158.83,N/A,3.12,12.89,83.04,9177851,N/A,N/A,N/A,N/A,N/A,"[('No Title Available', 'No Link Available'), ('No Title Available', 'No Link Available'), ('No Title Available', 'No Link Available'), ('No Title Available', 'No Link Available'), ('No Title Available', 'No Link Available')]"
SMCI,"Super Micro Computer, Inc.",Technology,Computer Hardware,24605722624,18.026087,2.3,N/A,122.9,17.25,1.297,37.97,-49.22,1485.47,95625327,20819873792,1444626048,31.382,0.12758,0.31015,"[('No Title Available', 'No Link Available'), ('No Title Available', 'No Link Available'), ('No Title Available', 'No Link Available'), ('No Title Available', 'No Link Available'), ('No Title Available', 'No Link Available')]"
SOUN,"SoundHound AI, Inc.",Technology,Software - Application,4259098112,N/A,-0.35,N/A,24.98,3.5,N/A,-46.33,70.66,N/A,88378591,84693000,-351096992,2.382,-0.21041,-3.32681,"[('No Title Available', 'No Link Available'), ('No Title Available', 'No Link Available'), ('No Title Available', 'No Link Available'), ('No Title Available', 'No Link Available'), ('No Title Available', 'No Link Available')]"
SOXX,iShares Semiconductor ETF,N/A,Unknown,1595177984,30.629404,N/A,0.66,267.24,192.87,N/A,-3.83,-0.85,172.91,3720359,N/A,N/A,N/A,N/A,N/A,"[('No Title Available', 'No Link Available'), ('No Title Available', 'No Link Available'), ('No Title Available', 'No Link Available'), ('No Title Available', 'No Link Available'), ('No Title Available', 'No Link Available')]"
SPEU,SPDR Portfolio Europe ETF,N/A,Unknown,N/A,17.475245,N/A,3.09,45.0,39.26,N/A,10.79,11.19,53.71,298436,N/A,N/A,N/A,N/A,N/A,No Recent News
SWKS,"Skyworks Solutions, Inc.",Technology,Semiconductors,10714994688,20.51077,3.25,4.2,120.86,62.01,1.142,-23.84,-32.39,-28.68,4865059,4044999936,526700000,18.639,0.05251,0.08342,"[('No Title Available', 'No Link Available'), ('No Title Available', 'No Link Available'), ('No Title Available', 'No Link Available'), ('No Title Available', 'No Link Available'), ('No Title Available', 'No Link Available')]"
TSM,Taiwan Semiconductor Manufactur,Technology,Semiconductors,936327839744,26.163767,6.9,1.52,226.4,125.78,1.244,-10.44,43.73,255.24,25714047,2894307786752,1173267677184,24.288,0.1353,0.30036,"[('No Title Available', 'No Link Available'), ('No Title Available', 'No Link Available'), ('No Title Available', 'No Link Available'), ('No Title Available', 'No Link Available'), ('No Title Available', 'No Link Available')]"
VB,Vanguard Small-Cap ETF,N/A,Unknown,209900552192,18.832695,N/A,1.25,263.35,209.81,N/A,-1.01,10.42,67.47,861398,N/A,N/A,N/A,N/A,N/A,"[('No Title Available', 'No Link Available')]"
VCR,Vanguard Consumer Discretion ET,N/A,Unknown,N/A,26.388515,N/A,0.71,402.25,284.84,N/A,-3.49,15.39,107.54,105618,N/A,N/A,N/A,N/A,N/A,"[('No Title Available', 'No Link Available')]"
VDC,Vanguard Consumer Staples ETF,N/A,Unknown,N/A,25.57334,N/A,2.29,226.55,194.38,N/A,6.69,16.04,64.45,104794,N/A,N/A,N/A,N/A,N/A,"[('No Title Available', 'No Link Available'), ('No Title Available', 'No Link Available')]"
VGT,Vanguard Information Tech ETF,N/A,Unknown,N/A,35.7357,N/A,0.6,648.76,478.25,N/A,-3.68,17.45,151.22,865089,N/A,N/A,N/A,N/A,N/A,"[('No Title Available', 'No Link Available'), ('No Title Available', 'No Link Available'), ('No Title Available', 'No Link Available'), ('No Title Available', 'No Link Available'), ('No Title Available', 'No Link Available')]"
VIG,Vanguard Div Appreciation ETF,N/A,Unknown,N/A,25.438232,N/A,1.67,205.24,173.17,N/A,4.23,15.96,85.78,982180,N/A,N/A,N/A,N/A,N/A,"[('No Title Available', 'No Link Available'), ('No Title Available', 'No Link Available'), ('No Title Available', 'No Link Available'), ('No Title Available', 'No Link Available'), ('No Title Available', 'No Link Available')]"
VIS,Vanguard Industrials ETF,N/A,Unknown,6340732928,25.35118,N/A,1.17,280.63,228.59,N/A,2.25,13.29,96.09,78596,N/A,N/A,N/A,N/A,N/A,No Recent News
VOO,Vanguard S&P 500 ETF,N/A,Unknown,N/A,26.6707,N/A,1.21,563.92,453.9,N/A,1.65,18.98,108.0,7251483,N/A,N/A,N/A,N/A,N/A,"[('No Title Available', 'No Link Available'), ('No Title Available', 'No Link Available'), ('No Title Available', 'No Link Available'), ('No Title Available', 'No Link Available'), ('No Title Available', 'No Link Available')]"
VRT,"Vertiv Holdings, LLC",Industrials,Electrical Equipment & Parts,36238450688,74.35156,1.28,0.16,155.84,62.4,1.637,-19.55,44.15,712.05,9488622,8011800064,495800000,129.208,0.10102,0.22287,"[('No Title Available', 'No Link Available'), ('No Title Available', 'No Link Available'), ('No Title Available', 'No Link Available'), ('No Title Available', 'No Link Available'), ('No Title Available', 'No Link Available')]"
XLV,SPDR Select Sector Fund - Healt,N/A,Unknown,29401016320,32.262997,N/A,1.56,159.64,135.95,N/A,8.23,3.62,66.34,8049545,N/A,N/A,N/A,N/A,N/A,"[('No Title Available', 'No Link Available'), ('No Title Available', 'No Link Available'), ('No Title Available', 'No Link Available'), ('No Title Available', 'No Link Available'), ('No Title Available', 'No Link Available')]"
MBXIX,Catalyst/Millburn Hedge Strateg,N/A,Unknown,N/A,N/A,N/A,1.82,40.71,37.29,N/A,-0.82,4.03,52.24,N/A,N/A,N/A,N/A,N/A,N/A,No Recent News
VCOBX,Vanguard Core Bond Fund Admiral,N/A,Unknown,N/A,N/A,N/A,4.75,18.65,17.4,N/A,2.5,6.29,0.74,N/A,N/A,N/A,N/A,N/A,N/A,"[('No Title Available', 'No Link Available'), ('No Title Available', 'No Link Available')]"
EQIX,"Equinix, Inc.",Real Estate,REIT - Specialty,88048476160,106.42588,8.5,2.07,994.03,684.14,0.715,-3.7,3.52,59.9,984738,8173000192,815000000,139.913,0.019299999,0.062459998,"[('No Title Available', 'No Link Available'), ('No Title Available', 'No Link Available'), ('No Title Available', 'No Link Available'), ('No Title Available', 'No Link Available'), ('No Title Available', 'No Link Available')]"
ASML,ASML Holding N.V. - New York Re,Technology,Semiconductor Equipment & Materials,288328253440,35.0856,20.21,1.08,1110.09,645.45,1.082,1.24,-24.05,158.02,1768881,28262899712,7571599872,19.902,0.12737,0.47427,"[('No Title Available', 'No Link Available'), ('No Title Available', 'No Link Available'), ('No Title Available', 'No Link Available'), ('No Title Available', 'No Link Available'), ('No Title Available', 'No Link Available')]"
CLIP,Global X Funds Global X 1-3 Mon,N/A,Unknown,N/A,N/A,N/A,5.09,100.56,100.04,N/A,0.68,5.09,N/A,310425,N/A,N/A,N/A,N/A,N/A,No Recent News
FTEC,Fidelity MSCI Information Techn,N/A,Unknown,N/A,35.90734,N/A,0.49,193.06,142.12,N/A,-3.8,17.41,152.67,461196,N/A,N/A,N/A,N/A,N/A,"[('No Title Available', 'No Link Available'), ('No Title Available', 'No Link Available'), ('No Title Available', 'No Link Available')]"
FVD,First Trust VL Dividend,N/A,Unknown,8598926336,20.548592,N/A,2.18,46.83,39.86,N/A,4.3,13.08,50.12,485475,N/A,N/A,N/A,N/A,N/A,"[('No Title Available', 'No Link Available')]"
IWM,iShares Russell 2000 ETF,N/A,Unknown,60327378944,16.90929,N/A,1.12,244.98,191.34,N/A,-2.93,7.34,51.58,31453461,N/A,N/A,N/A,N/A,N/A,"[('No Title Available', 'No Link Available'), ('No Title Available', 'No Link Available'), ('No Title Available', 'No Link Available'), ('No Title Available', 'No Link Available'), ('No Title Available', 'No Link Available')]"
REGL,ProShares S&P MidCap 400 Divide,N/A,Unknown,N/A,18.070072,N/A,2.23,89.45,72.391,N/A,4.07,14.9,70.71,64753,N/A,N/A,N/A,N/A,N/A,No Recent News
SDY,SPDR S&P Dividend ETF,N/A,Unknown,N/A,21.548695,N/A,2.51,144.45,124.37,N/A,5.35,13.11,59.11,277286,N/A,N/A,N/A,N/A,N/A,No Recent News
SMH,VanEck Semiconductor ETF,N/A,Unknown,2716635392,33.129803,N/A,0.44,283.07,198.44,N/A,-4.91,12.72,252.75,8576832,N/A,N/A,N/A,N/A,N/A,"[('No Title Available', 'No Link Available'), ('No Title Available', 'No Link Available'), ('No Title Available', 'No Link Available'), ('No Title Available', 'No Link Available'), ('No Title Available', 'No Link Available')]"
VHT,Vanguard Health Care ETF,N/A,Unknown,14761971712,30.68425,N/A,1.43,289.14,250.07,N/A,7.0,2.92,58.94,184309,N/A,N/A,N/A,N/A,N/A,No Recent News
AMAT,"Applied Materials, Inc.",Technology,Semiconductor Equipment & Materials,128422559744,20.662746,7.65,1.01,255.89,153.95,1.521,-3.32,-19.31,175.08,9391226,27634999296,6343000064,35.372,0.15558,0.35186002,"[('No Title Available', 'No Link Available'), ('No Title Available', 'No Link Available'), ('No Title Available', 'No Link Available'), ('No Title Available', 'No Link Available'), ('No Title Available', 'No Link Available')]"
BKNG,Booking Holdings Inc. Common St,Consumer Cyclical,Travel Services,164601364480,29.069891,172.55,0.77,5337.24,3180.0,1.392,1.84,44.77,192.69,299801,23739000832,5881999872,N/A,0.18225001,N/A,"[('No Title Available', 'No Link Available'), ('No Title Available', 'No Link Available'), ('No Title Available', 'No Link Available'), ('No Title Available', 'No Link Available'), ('No Title Available', 'No Link Available')]"
COST,Costco Wholesale Corporation,Consumer Defensive,Discount Stores,465476943872,61.719246,16.99,0.44,1078.23,697.27,0.83,15.38,40.96,268.72,2517443,258805006336,7576000000,33.25,0.080699995,0.29946,"[('No Title Available', 'No Link Available'), ('No Title Available', 'No Link Available'), ('No Title Available', 'No Link Available'), ('No Title Available', 'No Link Available'), ('No Title Available', 'No Link Available')]"
CSCO,"Cisco Systems, Inc.",Technology,Communication Equipment,255048171520,28.118422,2.28,2.56,66.5,44.5,0.827,9.22,37.61,81.88,26704263,54175997952,9187000320,71.21,0.065560006,0.20019,"[('No Title Available', 'No Link Available'), ('No Title Available', 'No Link Available'), ('No Title Available', 'No Link Available'), ('No Title Available', 'No Link Available'), ('No Title Available', 'No Link Available')]"
CVX,Chevron Corporation,Energy,Oil & Gas Integrated,279266361344,16.31893,9.72,4.31,167.11,135.37,1.098,9.32,8.63,104.98,5183851,195567992832,17660999680,19.334,0.056160003,0.11266,"[('No Title Available', 'No Link Available'), ('No Title Available', 'No Link Available'), ('No Title Available', 'No Link Available'), ('No Title Available', 'No Link Available'), ('No Title Available', 'No Link Available')]"
GOOGL,Alphabet Inc.,Communication Services,Internet Content & Information,2086372769792,21.179104,8.04,0.47,207.05,130.67,0.991,-10.11,25.31,146.55,44822719,350018011136,100118003712,8.655,0.1674,0.32908002,"[('No Title Available', 'No Link Available'), ('No Title Available', 'No Link Available'), ('No Title Available', 'No Link Available'), ('No Title Available', 'No Link Available'), ('No Title Available', 'No Link Available')]"
HD,"Home Depot, Inc. (The)",Consumer Cyclical,Home Improvement Retail,393967763456,26.599598,14.91,2.32,439.37,323.77,1.058,2.1,7.6,94.57,4143713,159514001408,14805999616,938.102,0.15585,3.8537202,"[('No Title Available', 'No Link Available'), ('No Title Available', 'No Link Available'), ('No Title Available', 'No Link Available'), ('No Title Available', 'No Link Available'), ('No Title Available', 'No Link Available')]"
HON,Honeywell International Inc.,Industrials,Conglomerates,138361257984,24.44202,8.71,2.12,242.77,189.75,1.045,-5.1,10.64,43.74,3975712,38498000896,5704999936,168.18,0.074990004,0.32244998,"[('No Title Available', 'No Link Available'), ('No Title Available', 'No Link Available'), ('No Title Available', 'No Link Available'), ('No Title Available', 'No Link Available'), ('No Title Available', 'No Link Available')]"
IEI,iShares 3-7 Year Treasury Bond ,N/A,Unknown,N/A,N/A,N/A,3.16,120.33,113.16,N/A,2.24,5.34,-1.07,3145047,N/A,N/A,N/A,N/A,N/A,No Recent News
IWO,iShares Russell 2000 Growth ETF,N/A,Unknown,12386799616,22.186316,N/A,0.78,317.62,242.92,N/A,-4.16,6.19,41.74,400507,N/A,N/A,N/A,N/A,N/A,"[('No Title Available', 'No Link Available'), ('No Title Available', 'No Link Available')]"
IYW,iShares U.S. Technology ETF,N/A,Unknown,3193729024,35.235462,N/A,0.21,167.3,124.32,N/A,-3.06,17.61,167.13,875999,N/A,N/A,N/A,N/A,N/A,"[('No Title Available', 'No Link Available')]"
PG,Procter & Gamble Company (The),Consumer Defensive,Household & Personal Products,407628709888,27.681528,6.28,2.32,180.43,153.52,0.445,5.37,11.3,64.53,10233652,84346003456,15192000512,67.428,0.108839996,0.31058002,"[('No Title Available', 'No Link Available'), ('No Title Available', 'No Link Available'), ('No Title Available', 'No Link Available'), ('No Title Available', 'No Link Available'), ('No Title Available', 'No Link Available')]"
RTX,RTX Corporation,Industrials,Aerospace & Defense,177158651904,37.461975,3.55,1.89,133.09,89.14,0.549,15.22,51.14,78.57,5338627,80738000896,4774000128,69.821,0.03258,0.08125,"[('No Title Available', 'No Link Available'), ('No Title Available', 'No Link Available'), ('No Title Available', 'No Link Available'), ('No Title Available', 'No Link Available'), ('No Title Available', 'No Link Available')]"
SCHW,Charles Schwab Corporation (The,Financial Services,Capital Markets,144233218048,26.598661,2.99,1.36,84.5,61.01,0.989,8.06,22.85,103.34,12686416,19605999616,5478000128,144.242,N/A,0.13477999,"[('No Title Available', 'No Link Available'), ('No Title Available', 'No Link Available'), ('No Title Available', 'No Link Available'), ('No Title Available', 'No Link Available'), ('No Title Available', 'No Link Available')]"
SHLD,Global X Funds Global X Defense,N/A,Unknown,N/A,28.368347,N/A,0.5,43.23,32.67,N/A,13.27,N/A,N/A,448333,N/A,N/A,N/A,N/A,N/A,"[('No Title Available', 'No Link Available')]"
SHV,iShares Short Treasury Bond ETF,N/A,Unknown,N/A,N/A,N/A,5.01,110.64,109.91,N/A,0.66,5.06,12.55,5470963,N/A,N/A,N/A,N/A,N/A,"[('No Title Available', 'No Link Available'), ('No Title Available', 'No Link Available'), ('No Title Available', 'No Link Available')]"
UNP,Union Pacific Corporation,Industrials,Railroads,149071314944,22.224323,11.1,2.17,258.07,218.55,1.065,8.26,-0.69,71.59,1616387,24249999360,6746999808,192.202,0.090550005,0.42597,"[('No Title Available', 'No Link Available'), ('No Title Available', 'No Link Available'), ('No Title Available', 'No Link Available'), ('No Title Available', 'No Link Available'), ('No Title Available', 'No Link Available')]"
VEA,Vanguard FTSE Developed Markets,N/A,Unknown,N/A,16.595701,N/A,3.21,53.4,46.8,N/A,7.02,8.64,48.46,12562043,N/A,N/A,N/A,N/A,N/A,"[('No Title Available', 'No Link Available')]"
GTSOX,Glenmede Secured Options Portfo,N/A,Unknown,N/A,N/A,N/A,0.33,15.38,13.66,N/A,1.46,13.43,50.86,N/A,N/A,N/A,N/A,N/A,N/A,No Recent News
HNVRX,Harbor Small Cap Value Fund Ret,N/A,Unknown,N/A,21.836567,N/A,0.69,46.77,37.87,N/A,-2.72,8.48,61.82,N/A,N/A,N/A,N/A,N/A,N/A,No Recent News
POLIX,Polen Growth Fund Institutional,N/A,Unknown,N/A,N/A,N/A,0.0,50.57,42.59,N/A,2.2,9.94,65.6,N/A,N/A,N/A,N/A,N/A,N/A,No Recent News
PRILX,Parnassus Core Equity Fund-Inst,N/A,Unknown,N/A,32.13224,N/A,0.51,68.37,57.11,N/A,2.77,15.34,99.93,N/A,N/A,N/A,N/A,N/A,N/A,No Recent News
WCMIX,WCM Focused International Growt,N/A,Unknown,N/A,N/A,N/A,0.23,26.67,21.61,N/A,9.69,7.16,55.43,N/A,N/A,N/A,N/A,N/A,N/A,No Recent News
EOG,"EOG Resources, Inc.",Energy,Oil & Gas E&P,71397400576,11.283556,11.25,3.07,139.67,115.4,N/A,2.51,14.34,157.02,6868107,23697999872,6402999808,17.263,0.116330005,0.22294001,"[('No Title Available', 'No Link Available'), ('No Title Available', 'No Link Available'), ('No Title Available', 'No Link Available'), ('No Title Available', 'No Link Available'), ('No Title Available', 'No Link Available')]"
IBB,iShares Biotechnology ETF,N/A,Unknown,9550991360,24.5222,N/A,0.28,150.57,123.6,N/A,3.1,-1.44,16.28,1354069,N/A,N/A,N/A,N/A,N/A,"[('No Title Available', 'No Link Available'), ('No Title Available', 'No Link Available'), ('No Title Available', 'No Link Available'), ('No Title Available', 'No Link Available'), ('No Title Available', 'No Link Available')]"
IEF,iShares 7-10 Year Treasury Bond,N/A,Unknown,13916720128,N/A,N/A,3.6,99.18,91.02,N/A,3.38,5.1,-9.72,11829367,N/A,N/A,N/A,N/A,N/A,"[('No Title Available', 'No Link Available'), ('No Title Available', 'No Link Available'), ('No Title Available', 'No Link Available'), ('No Title Available', 'No Link Available'), ('No Title Available', 'No Link Available')]"
IXJ,iShares Global Healthcare ETF,N/A,Unknown,3339786240,31.125017,N/A,1.41,101.31,85.21,N/A,8.31,3.17,51.34,108746,N/A,N/A,N/A,N/A,N/A,No Recent News
IYE,iShares U.S. Energy ETF,N/A,Unknown,999548992,14.625873,N/A,2.69,51.7,43.71,N/A,3.95,9.81,129.72,347062,N/A,N/A,N/A,N/A,N/A,No Recent News
MA,Mastercard Incorporated,Financial Services,Credit Services,525426458624,41.491,13.89,0.53,576.94,428.86,1.103,10.48,21.04,93.24,3204526,28167000064,12874000384,291.42,0.22715999,1.90557,"[('No Title Available', 'No Link Available'), ('No Title Available', 'No Link Available'), ('No Title Available', 'No Link Available'), ('No Title Available', 'No Link Available'), ('No Title Available', 'No Link Available')]"
META,"Meta Platforms, Inc.",Communication Services,Internet Content & Information,1692991619072,28.016771,23.85,0.31,740.91,414.5,1.2,11.51,38.43,241.45,16809390,164500996096,62359998464,27.25,0.16863,0.37140998,"[('No Title Available', 'No Link Available'), ('No Title Available', 'No Link Available'), ('No Title Available', 'No Link Available'), ('No Title Available', 'No Link Available'), ('No Title Available', 'No Link Available')]"
SO,Southern Company (The),Utilities,Utilities - Regulated Electric,98481676288,22.50376,3.99,3.21,94.45,66.62,0.521,10.33,39.05,71.25,6142152,26723999744,4400999936,180.719,0.03373,0.1185,"[('No Title Available', 'No Link Available'), ('No Title Available', 'No Link Available'), ('No Title Available', 'No Link Available'), ('No Title Available', 'No Link Available'), ('No Title Available', 'No Link Available')]"
V,Visa Inc.,Financial Services,Credit Services,699671248896,36.637375,9.9,0.65,364.0,252.7,0.965,15.56,27.93,95.41,6523791,36801998848,19704999936,53.815,0.16712,0.51191,"[('No Title Available', 'No Link Available'), ('No Title Available', 'No Link Available'), ('No Title Available', 'No Link Available'), ('No Title Available', 'No Link Available'), ('No Title Available', 'No Link Available')]"
WMT,Walmart Inc.,Consumer Defensive,Discount Stores,792172625920,40.91701,2.41,0.95,105.3,58.4,0.552,9.57,67.38,175.17,25430883,680984969216,19435999232,61.534,0.07148,0.21414,"[('No Title Available', 'No Link Available'), ('No Title Available', 'No Link Available'), ('No Title Available', 'No Link Available'), ('No Title Available', 'No Link Available'), ('No Title Available', 'No Link Available')]"
ADP,"Automatic Data Processing, Inc.",Technology,Software - Application,128237600768,32.89979,9.58,1.95,316.46,231.27,0.806,8.81,28.04,114.96,3289020,19903399936,3933700096,86.202,0.054569997,0.83716005,"[('No Title Available', 'No Link Available'), ('No Title Available', 'No Link Available'), ('No Title Available', 'No Link Available'), ('No Title Available', 'No Link Available'), ('No Title Available', 'No Link Available')]"
COWZ,Pacer US Cash Cows 100 ETF,N/A,Unknown,N/A,12.966886,N/A,1.77,61.92,53.03,N/A,1.2,8.6,127.99,1907028,N/A,N/A,N/A,N/A,N/A,"[('No Title Available', 'No Link Available'), ('No Title Available', 'No Link Available'), ('No Title Available', 'No Link Available'), ('No Title Available', 'No Link Available'), ('No Title Available', 'No Link Available')]"
DUK,Duke Energy Corporation (Holdin,Utilities,Utilities - Regulated Electric,91226398720,20.612282,5.7,3.56,121.25,90.22,0.487,9.98,34.49,48.85,2871997,30357000192,4392000000,166.283,0.027320001,0.09077,"[('No Title Available', 'No Link Available'), ('No Title Available', 'No Link Available'), ('No Title Available', 'No Link Available'), ('No Title Available', 'No Link Available'), ('No Title Available', 'No Link Available')]"
FDIS,Fidelity MSCI Consumer Discreti,N/A,Unknown,N/A,26.119848,N/A,0.67,104.41,73.19,N/A,-3.48,15.23,107.12,108076,N/A,N/A,N/A,N/A,N/A,No Recent News
GLD,SPDR Gold Trust,N/A,Unknown,68529176576,N/A,N/A,0.0,272.32,193.88,N/A,7.27,39.78,76.45,11350777,N/A,N/A,N/A,N/A,N/A,"[('No Title Available', 'No Link Available'), ('No Title Available', 'No Link Available'), ('No Title Available', 'No Link Available'), ('No Title Available', 'No Link Available'), ('No Title Available', 'No Link Available')]"
IWR,iShares Russell Mid-Cap ETF,N/A,Unknown,31279687680,21.118279,N/A,1.22,96.01,78.36,N/A,1.31,12.79,71.9,1243341,N/A,N/A,N/A,N/A,N/A,"[('No Title Available', 'No Link Available'), ('No Title Available', 'No Link Available')]"
KXI,iShares Global Consumer Staples,N/A,Unknown,937612032,24.299366,N/A,2.47,66.31,57.85,N/A,6.96,10.23,37.99,56004,N/A,N/A,N/A,N/A,N/A,No Recent News
LLY,Eli Lilly and Company,Healthcare,Drug Manufacturers - General,826882260992,78.75364,11.69,0.65,972.53,711.4,0.412,18.53,22.3,636.88,2371475,45042700288,10590000128,244.616,0.15329,0.84264,"[('No Title Available', 'No Link Available'), ('No Title Available', 'No Link Available'), ('No Title Available', 'No Link Available'), ('No Title Available', 'No Link Available'), ('No Title Available', 'No Link Available')]"
LSCC,Lattice Semiconductor Corporati,Technology,Semiconductors,8592385024,141.68182,0.44,N/A,85.69,40.65,1.402,11.42,-14.93,234.62,3311041,509400992,61131000,2.567,0.04502,0.08715,"[('No Title Available', 'No Link Available'), ('No Title Available', 'No Link Available'), ('No Title Available', 'No Link Available'), ('No Title Available', 'No Link Available'), ('No Title Available', 'No Link Available')]"
MRVL,"Marvell Technology, Inc.",Technology,Semiconductors,79451840512,N/A,-1.7,0.26,127.48,53.19,1.395,-19.1,36.36,328.18,21425014,5376399872,-1477900032,32.463,-0.0072399997,-0.10333,"[('No Title Available', 'No Link Available'), ('No Title Available', 'No Link Available'), ('No Title Available', 'No Link Available'), ('No Title Available', 'No Link Available'), ('No Title Available', 'No Link Available')]"
MUB,iShares National Muni Bond ETF,N/A,Unknown,N/A,N/A,N/A,3.01,108.81,105.0,N/A,1.19,2.88,3.66,2274564,N/A,N/A,N/A,N/A,N/A,"[('No Title Available', 'No Link Available'), ('No Title Available', 'No Link Available'), ('No Title Available', 'No Link Available')]"
NEE,"NextEra Energy, Inc.",Utilities,Utilities - Regulated Electric,144341794816,20.821959,3.37,3.23,86.1,53.95,0.577,-1.2,31.08,18.0,6444524,24753000448,6945999872,137.296,0.02503,0.09506,"[('No Title Available', 'No Link Available'), ('No Title Available', 'No Link Available'), ('No Title Available', 'No Link Available'), ('No Title Available', 'No Link Available'), ('No Title Available', 'No Link Available')]"
NVO,Novo Nordisk A/S,Healthcare,Drug Manufacturers - General,398691401728,28.506289,3.18,1.78,148.15,77.82,0.192,3.58,-24.6,216.87,5956979,290402992128,100988002304,71.636,0.22408001,0.80775,"[('No Title Available', 'No Link Available'), ('No Title Available', 'No Link Available'), ('No Title Available', 'No Link Available'), ('No Title Available', 'No Link Available'), ('No Title Available', 'No Link Available')]"
PAVE,Global X Funds Global X U.S. In,N/A,Unknown,N/A,23.298597,N/A,0.52,46.18,35.72,N/A,-0.1,7.94,159.42,1363910,N/A,N/A,N/A,N/A,N/A,"[('No Title Available', 'No Link Available'), ('No Title Available', 'No Link Available'), ('No Title Available', 'No Link Available')]"
PHO,Invesco Water Resources ETF,N/A,Unknown,N/A,26.658955,N/A,0.44,72.59,62.82,N/A,2.89,5.55,84.92,60698,N/A,N/A,N/A,N/A,N/A,No Recent News
PTLC,Pacer Fund Trust Pacer Trendpil,N/A,Unknown,4120857344,26.616653,N/A,0.65,55.9,45.07,N/A,1.47,18.28,75.73,177026,N/A,N/A,N/A,N/A,N/A,No Recent News
SHY,iShares 1-3 Year Treasury Bond ,N/A,Unknown,17292365824,3755.4546,N/A,3.9,83.3,80.91,N/A,1.14,5.21,6.11,4334638,N/A,N/A,N/A,N/A,N/A,"[('No Title Available', 'No Link Available'), ('No Title Available', 'No Link Available'), ('No Title Available', 'No Link Available')]"
SPY,SPDR S&P 500,N/A,Unknown,545327710208,26.655107,N/A,1.17,613.23,493.86,N/A,1.63,18.87,107.35,75483039,N/A,N/A,N/A,N/A,N/A,"[('No Title Available', 'No Link Available'), ('No Title Available', 'No Link Available'), ('No Title Available', 'No Link Available'), ('No Title Available', 'No Link Available'), ('No Title Available', 'No Link Available')]"
TYO,Direxion Daily 10-Yr Treasury B,N/A,Unknown,N/A,N/A,N/A,4.25,15.64,12.19,N/A,-7.33,0.83,62.64,16434,N/A,N/A,N/A,N/A,N/A,No Recent News
FMOXX,Fidelity Tax-Exempt Money Marke,N/A,Unknown,N/A,N/A,N/A,N/A,N/A,N/A,N/A,0.0,N/A,N/A,N/A,N/A,N/A,N/A,N/A,N/A,No Recent News
DLR,"Digital Realty Trust, Inc.",Real Estate,REIT - Specialty,53583216640,97.09317,1.61,3.12,198.0,135.54,0.65,-11.68,12.95,42.75,5768687,5434829824,561766016,79.457,0.0089,0.02664,"[('No Title Available', 'No Link Available'), ('No Title Available', 'No Link Available'), ('No Title Available', 'No Link Available'), ('No Title Available', 'No Link Available'), ('No Title Available', 'No Link Available')]"
CGW,Invesco S&P Global Water Index ,N/A,Unknown,N/A,25.702808,N/A,1.26,61.55,51.78,N/A,3.07,5.35,49.26,16754,N/A,N/A,N/A,N/A,N/A,No Recent News
PPA,Invesco Aerospace & Defense ETF,N/A,Unknown,1768156544,27.439503,N/A,0.58,124.89,97.53,N/A,2.02,20.24,85.05,134974,N/A,N/A,N/A,N/A,N/A,"[('No Title Available', 'No Link Available')]"
SONY,Sony Group Corporation,Technology,Consumer Electronics,150893559808,20.032001,1.25,0.49,25.64,15.022,0.775,18.73,47.51,116.07,2735676,13807786131456,1132877971456,51.356,0.02555,0.14321,"[('No Title Available', 'No Link Available'), ('No Title Available', 'No Link Available'), ('No Title Available', 'No Link Available'), ('No Title Available', 'No Link Available'), ('No Title Available', 'No Link Available')]"
EEM,iShares MSCI Emerging Index Fun,N/A,Unknown,32511203328,14.188105,N/A,2.38,47.44,39.39,N/A,3.47,10.69,16.39,50020412,N/A,N/A,N/A,N/A,N/A,"[('No Title Available', 'No Link Available'), ('No Title Available', 'No Link Available'), ('No Title Available', 'No Link Available'), ('No Title Available', 'No Link Available'), ('No Title Available', 'No Link Available')]"
GEHC,GE HealthCare Technologies Inc.,Healthcare,Health Information Services,39944978432,20.126726,4.34,0.16,94.8,74.51,1.33,11.49,-5.96,N/A,4214323,19672000512,1992999936,108.368,0.05771,0.25686002,"[('No Title Available', 'No Link Available'), ('No Title Available', 'No Link Available'), ('No Title Available', 'No Link Available'), ('No Title Available', 'No Link Available'), ('No Title Available', 'No Link Available')]"
IXN,iShares Global Tech ETF,N/A,Unknown,1227760000,34.56753,N/A,0.43,88.62,68.53,N/A,-2.5,13.77,141.15,690709,N/A,N/A,N/A,N/A,N/A,"[('No Title Available', 'No Link Available'), ('No Title Available', 'No Link Available')]"
LMT,Lockheed Martin Corporation,Industrials,Aerospace & Defense,106010787840,20.205023,22.29,2.93,618.95,419.7,0.482,-6.61,6.86,34.15,929765,71042998272,5336000000,338.197,0.08306,0.81044996,"[('No Title Available', 'No Link Available'), ('No Title Available', 'No Link Available'), ('No Title Available', 'No Link Available'), ('No Title Available', 'No Link Available'), ('No Title Available', 'No Link Available')]"
PANW,"Palo Alto Networks, Inc.",Technology,Software - Infrastructure,126083694592,107.58757,1.77,N/A,208.39,132.5,1.135,5.36,20.47,503.61,5117969,8570500096,1254499968,15.221,0.03652,0.23378,"[('No Title Available', 'No Link Available'), ('No Title Available', 'No Link Available'), ('No Title Available', 'No Link Available'), ('No Title Available', 'No Link Available'), ('No Title Available', 'No Link Available')]"
QCOM,QUALCOMM Incorporated,Technology,Semiconductors,173830012928,16.95469,9.27,2.16,230.63,149.43,1.262,2.3,2.32,117.97,9849288,40696000512,10478999552,54.23,0.12626,0.41968,"[('No Title Available', 'No Link Available'), ('No Title Available', 'No Link Available'), ('No Title Available', 'No Link Available'), ('No Title Available', 'No Link Available'), ('No Title Available', 'No Link Available')]"
SNOW,Snowflake Inc.,Technology,Software - Application,58455576576,N/A,-3.86,N/A,194.4,107.13,1.073,12.44,-23.0,N/A,8783833,3626395904,-1285639936,89.311,-0.10354,-0.31455,"[('No Title Available', 'No Link Available'), ('No Title Available', 'No Link Available'), ('No Title Available', 'No Link Available'), ('No Title Available', 'No Link Available'), ('No Title Available', 'No Link Available')]"
UL,Unilever PLC,Consumer Defensive,Household & Personal Products,139879530496,23.583332,2.4,3.3,65.87,46.46,0.259,0.98,19.16,20.89,1929970,60761001984,5744000000,142.11,0.09072,0.29405,"[('No Title Available', 'No Link Available'), ('No Title Available', 'No Link Available'), ('No Title Available', 'No Link Available'), ('No Title Available', 'No Link Available'), ('No Title Available', 'No Link Available')]"
VPU,Vanguard Utilities ETF,N/A,Unknown,4581832704,20.84352,N/A,2.93,180.04,133.26,N/A,4.22,31.8,39.55,150484,N/A,N/A,N/A,N/A,N/A,No Recent News
XLI,SPDR Select Sector Fund - Indus,N/A,Unknown,18626222080,25.952051,N/A,1.37,144.51,119.17,N/A,3.83,14.7,95.81,9882916,N/A,N/A,N/A,N/A,N/A,"[('No Title Available', 'No Link Available'), ('No Title Available', 'No Link Available'), ('No Title Available', 'No Link Available'), ('No Title Available', 'No Link Available'), ('No Title Available', 'No Link Available')]"
DELL,Dell Technologies Inc.,Technology,Computer Hardware,71696171008,16.106583,6.38,2.04,179.7,86.93,0.961,-11.46,11.85,414.47,18675509,95567003648,4592000000,N/A,0.04817,N/A,"[('No Title Available', 'No Link Available'), ('No Title Available', 'No Link Available'), ('No Title Available', 'No Link Available'), ('No Title Available', 'No Link Available'), ('No Title Available', 'No Link Available')]"
INTC,Intel Corporation,Technology,Semiconductors,102750896128,N/A,-4.38,2.24,46.63,18.51,1.074,17.36,-42.9,-53.99,100344402,53100998656,-18755999744,48.277,-0.01233,-0.17891,"[('No Title Available', 'No Link Available'), ('No Title Available', 'No Link Available'), ('No Title Available', 'No Link Available'), ('No Title Available', 'No Link Available'), ('No Title Available', 'No Link Available')]"
MINO,PIMCO Municipal Income Opportun,N/A,Unknown,N/A,N/A,N/A,3.89,51.82,44.12,N/A,1.61,4.2,N/A,60821,N/A,N/A,N/A,N/A,N/A,No Recent News
NFLX,"Netflix, Inc.",Communication Services,Entertainment,419441410048,49.498234,19.81,N/A,1064.5,542.01,1.274,10.58,64.39,157.33,4708336,39000965120,8711630848,72.726,0.12720999,0.38435,"[('No Title Available', 'No Link Available'), ('No Title Available', 'No Link Available'), ('No Title Available', 'No Link Available'), ('No Title Available', 'No Link Available'), ('No Title Available', 'No Link Available')]"
PENG,"Penguin Solutions, Inc.",Technology,Information Technology Services,1062085632,N/A,-0.52,N/A,29.81,14.87,1.675,3.16,-4.18,45.74,811065,1237650944,-27334000,177.115,0.01897,-0.059660003,"[('No Title Available', 'No Link Available'), ('No Title Available', 'No Link Available'), ('No Title Available', 'No Link Available'), ('No Title Available', 'No Link Available'), ('No Title Available', 'No Link Available')]"
SYM,Symbotic Inc.,Industrials,Specialty Industrial Machinery,13356498944,N/A,-0.14,N/A,50.405,17.11,1.798,-8.13,-42.55,N/A,1739359,1914929024,-14130000,6.285,-0.03415,-0.30059,"[('No Title Available', 'No Link Available'), ('No Title Available', 'No Link Available'), ('No Title Available', 'No Link Available'), ('No Title Available', 'No Link Available'), ('No Title Available', 'No Link Available')]"
